Local,356003,1534208400000,33062,106299,43529,36270,41877,LinUCB_Disjoint_Multi_Target_2,6,0.1,0.0,1,DAILY,1,False,0.5,False,0.0,0.0
Global,356003,1534208400000,198376,637798,261177,217623,251262,LinUCB_Disjoint_Multi_Target_2,6,0.1,0.0,1,DAILY,1,False,0.5,False,0.0,0.0
Local,919597,1534230000000,21051,73562,27259,28979,32119,LinUCB_Disjoint_Multi_Target_2,6,0.1,0.0,1,DAILY,1,False,0.5,False,0.0,0.0
Global,919597,1534230000000,186365,605061,244907,210332,241504,LinUCB_Disjoint_Multi_Target_2,6,0.1,0.0,1,DAILY,1,False,0.5,False,0.0,0.0
Local,2159970,1534251600000,0,33806,22223,18884,5747,LinUCB_Disjoint_Multi_Target_2,6,0.1,0.0,1,DAILY,1,False,0.5,False,0.0,0.0
Global,2159970,1534251600000,55776,565305,239871,200237,215132,LinUCB_Disjoint_Multi_Target_2,6,0.1,0.0,1,DAILY,1,False,0.5,False,0.0,0.0
Local,2912107,1534273200000,0,0,8489,0,0,LinUCB_Disjoint_Multi_Target_2,6,0.1,0.0,1,DAILY,1,False,0.5,False,0.0,0.0
Global,2912107,1534273200000,55776,512180,226137,173587,202365,LinUCB_Disjoint_Multi_Target_2,6,0.1,0.0,1,DAILY,1,False,0.5,False,0.0,0.0
Local,3176462,1534283997000,0,0,0,0,0,LinUCB_Disjoint_Multi_Target_2,6,0.1,0.0,1,DAILY,1,False,0.5,False,0.0,0.0
Global,3176462,1534283997000,55776,512180,198322,173587,202365,LinUCB_Disjoint_Multi_Target_2,6,0.1,0.0,1,DAILY,1,False,0.5,False,0.0,0.0
Local,3361164,1534305600000,8109,81718,33658,29732,35568,LinUCB_Disjoint_Multi_Target_2,6,0.1,0.0,1,DAILY,1,False,0.5,False,0.0,0.0
Global,3361164,1534305600000,52730,491462,192316,168602,197460,LinUCB_Disjoint_Multi_Target_2,6,0.1,0.0,1,DAILY,1,False,0.5,False,0.0,0.0
Local,4267029,1534327200000,0,52361,10230,25629,0,LinUCB_Disjoint_Multi_Target_2,6,0.1,0.0,1,DAILY,1,False,0.5,False,0.0,0.0
Global,4267029,1534327200000,43422,462105,168888,164499,124021,LinUCB_Disjoint_Multi_Target_2,6,0.1,0.0,1,DAILY,1,False,0.5,False,0.0,0.0
Local,5314011,1534348800000,0,0,0,0,0,LinUCB_Disjoint_Multi_Target_2,6,0.1,0.0,1,DAILY,1,False,0.5,False,0.0,0.0
Global,5314011,1534348800000,43422,385074,156882,113700,124021,LinUCB_Disjoint_Multi_Target_2,6,0.1,0.0,1,DAILY,1,False,0.5,False,0.0,0.0
Local,5726250,1534363199000,0,0,0,0,0,LinUCB_Disjoint_Multi_Target_2,6,0.1,0.0,1,DAILY,1,False,0.5,False,0.0,0.0
Global,5726250,1534363199000,29541,358690,154678,109380,114377,LinUCB_Disjoint_Multi_Target_2,6,0.1,0.0,1,DAILY,1,False,0.5,False,0.0,0.0
Local,5979990,1534384801000,0,74848,29617,21033,26903,LinUCB_Disjoint_Multi_Target_2,6,0.1,0.0,1,DAILY,1,False,0.5,False,0.0,0.0
Global,5979990,1534384801000,19250,343866,145626,103068,112686,LinUCB_Disjoint_Multi_Target_2,6,0.1,0.0,1,DAILY,1,False,0.5,False,0.0,0.0
Local,6734652,1534406401000,0,25655,9086,0,8734,LinUCB_Disjoint_Multi_Target_2,6,0.1,0.0,1,DAILY,1,False,0.5,False,0.0,0.0
Global,6734652,1534406401000,19250,294673,125095,86564,94517,LinUCB_Disjoint_Multi_Target_2,6,0.1,0.0,1,DAILY,1,False,0.5,False,0.0,0.0
Local,7863533,1534428001000,0,0,0,0,0,LinUCB_Disjoint_Multi_Target_2,6,0.1,0.0,1,DAILY,1,False,0.5,False,0.0,0.0
Global,7863533,1534428001000,19250,221011,92021,86564,60913,LinUCB_Disjoint_Multi_Target_2,6,0.1,0.0,1,DAILY,1,False,0.5,False,0.0,0.0
Local,8560378,1534449599000,0,0,0,0,0,LinUCB_Disjoint_Multi_Target_2,6,0.1,0.0,1,DAILY,1,False,0.5,False,0.0,0.0
Global,8560378,1534449599000,-33352,196459,80693,79001,55620,LinUCB_Disjoint_Multi_Target_2,6,0.1,0.0,1,DAILY,1,False,0.5,False,0.0,0.0
Local,8811097,1534471200000,0,53362,15431,16032,16916,LinUCB_Disjoint_Multi_Target_2,6,0.1,0.0,1,DAILY,1,False,0.5,False,0.0,0.0
Global,8811097,1534471200000,-33352,184335,69227,68700,53996,LinUCB_Disjoint_Multi_Target_2,6,0.1,0.0,1,DAILY,1,False,0.5,False,0.0,0.0
Local,9572684,1534492800000,0,0,0,0,0,LinUCB_Disjoint_Multi_Target_2,6,0.1,0.0,1,DAILY,1,False,0.5,False,0.0,0.0
Global,9572684,1534492800000,-33352,143713,51223,53715,41542,LinUCB_Disjoint_Multi_Target_2,6,0.1,0.0,1,DAILY,1,False,0.5,False,0.0,0.0
Local,10549106,1534514400000,0,0,0,0,0,LinUCB_Disjoint_Multi_Target_2,6,0.1,0.0,1,DAILY,1,False,0.5,False,0.0,0.0
Global,10549106,1534514400000,-60500,111841,42866,33222,34997,LinUCB_Disjoint_Multi_Target_2,6,0.1,0.0,1,DAILY,1,False,0.5,False,0.0,0.0
Local,11220337,1534536000000,0,0,0,0,0,LinUCB_Disjoint_Multi_Target_2,6,0.1,0.0,1,DAILY,1,False,0.5,False,0.0,0.0
Global,11220337,1534536000000,-77420,74538,33621,22660,26871,LinUCB_Disjoint_Multi_Target_2,6,0.1,0.0,1,DAILY,1,False,0.5,False,0.0,0.0
Local,11331020,1534539599000,0,0,0,0,0,LinUCB_Disjoint_Multi_Target_2,6,0.1,0.0,1,DAILY,1,False,0.5,False,0.0,0.0
Global,11331020,1534539599000,-82448,69480,31420,20110,25278,LinUCB_Disjoint_Multi_Target_2,6,0.1,0.0,1,DAILY,1,False,0.5,False,0.0,0.0
Local,11538116,1534561200000,0,15377,7921,0,10313,LinUCB_Disjoint_Multi_Target_2,6,0.1,0.0,1,DAILY,1,False,0.5,False,0.0,0.0
Global,11538116,1534561200000,-82448,50117,23631,8128,22952,LinUCB_Disjoint_Multi_Target_2,6,0.1,0.0,1,DAILY,1,False,0.5,False,0.0,0.0
Local,12131153,1534582800000,0,0,0,0,0,LinUCB_Disjoint_Multi_Target_2,6,0.1,0.0,1,DAILY,1,False,0.5,False,0.0,0.0
Global,12131153,1534582800000,-82448,-2119,702,8128,-21582,LinUCB_Disjoint_Multi_Target_2,6,0.1,0.0,1,DAILY,1,False,0.5,False,0.0,0.0
Local,12921745,1534604400000,0,0,0,0,0,LinUCB_Disjoint_Multi_Target_2,6,0.1,0.0,1,DAILY,1,False,0.5,False,0.0,0.0
Global,12921745,1534604400000,-129665,-31568,-10749,-2484,-31819,LinUCB_Disjoint_Multi_Target_2,6,0.1,0.0,1,DAILY,1,False,0.5,False,0.0,0.0
Local,13594727,1534626000000,0,0,0,0,0,LinUCB_Disjoint_Multi_Target_2,6,0.1,0.0,1,DAILY,1,False,0.5,False,0.0,0.0
Global,13594727,1534626000000,-148627,-60094,-25803,-9923,-53107,LinUCB_Disjoint_Multi_Target_2,6,0.1,0.0,1,DAILY,1,False,0.5,False,0.0,0.0
Local,13646663,1534629599000,0,0,0,0,0,LinUCB_Disjoint_Multi_Target_2,6,0.1,0.0,1,DAILY,1,False,0.5,False,0.0,0.0
Global,13646663,1534629599000,-150917,-61865,-26684,-10627,-54458,LinUCB_Disjoint_Multi_Target_2,6,0.1,0.0,1,DAILY,1,False,0.5,False,0.0,0.0
Local,13812775,1534651200000,0,0,0,0,0,LinUCB_Disjoint_Multi_Target_2,6,0.1,0.0,1,DAILY,1,False,0.5,False,0.0,0.0
Global,13812775,1534651200000,-154925,-64858,-40518,-16678,-55502,LinUCB_Disjoint_Multi_Target_2,6,0.1,0.0,1,DAILY,1,False,0.5,False,0.0,0.0
Local,14433317,1534672800000,0,0,0,0,0,LinUCB_Disjoint_Multi_Target_2,6,0.1,0.0,1,DAILY,1,False,0.5,False,0.0,0.0
Global,14433317,1534672800000,-171253,-89078,-53442,-30713,-66801,LinUCB_Disjoint_Multi_Target_2,6,0.1,0.0,1,DAILY,1,False,0.5,False,0.0,0.0
Local,15170226,1534694400000,0,0,0,0,0,LinUCB_Disjoint_Multi_Target_2,6,0.1,0.0,1,DAILY,1,False,0.5,False,0.0,0.0
Global,15170226,1534694400000,-195107,-109303,-65322,-38643,-102290,LinUCB_Disjoint_Multi_Target_2,6,0.1,0.0,1,DAILY,1,False,0.5,False,0.0,0.0
Local,15782548,1534712399000,0,0,0,0,0,LinUCB_Disjoint_Multi_Target_2,6,0.1,0.0,1,DAILY,1,False,0.5,False,0.0,0.0
Global,15782548,1534712399000,-207258,-130441,-77737,-45347,-122550,LinUCB_Disjoint_Multi_Target_2,6,0.1,0.0,1,DAILY,1,False,0.5,False,0.0,0.0
Local,356003,1534208400000,33062,106299,43529,36270,41877,LinUCB_Disjoint_Multi_Target_2,6,0.1,0.0,1,DAILY,1,False,0.1,False,0.0,0.0
Global,356003,1534208400000,198376,637798,261177,217623,251262,LinUCB_Disjoint_Multi_Target_2,6,0.1,0.0,1,DAILY,1,False,0.1,False,0.0,0.0
Local,919597,1534230000000,21051,73562,27259,28979,32119,LinUCB_Disjoint_Multi_Target_2,6,0.1,0.0,1,DAILY,1,False,0.1,False,0.0,0.0
Global,919597,1534230000000,186365,605061,244907,210332,241504,LinUCB_Disjoint_Multi_Target_2,6,0.1,0.0,1,DAILY,1,False,0.1,False,0.0,0.0
Local,2159970,1534251600000,0,33806,22223,18884,5747,LinUCB_Disjoint_Multi_Target_2,6,0.1,0.0,1,DAILY,1,False,0.1,False,0.0,0.0
Global,2159970,1534251600000,55776,565305,239871,200237,215132,LinUCB_Disjoint_Multi_Target_2,6,0.1,0.0,1,DAILY,1,False,0.1,False,0.0,0.0
Local,2912107,1534273200000,0,0,8489,0,0,LinUCB_Disjoint_Multi_Target_2,6,0.1,0.0,1,DAILY,1,False,0.1,False,0.0,0.0
Global,2912107,1534273200000,55776,512180,226137,173587,202365,LinUCB_Disjoint_Multi_Target_2,6,0.1,0.0,1,DAILY,1,False,0.1,False,0.0,0.0
Local,3176462,1534283997000,0,0,0,0,0,LinUCB_Disjoint_Multi_Target_2,6,0.1,0.0,1,DAILY,1,False,0.1,False,0.0,0.0
Global,3176462,1534283997000,55776,512180,198322,173587,202365,LinUCB_Disjoint_Multi_Target_2,6,0.1,0.0,1,DAILY,1,False,0.1,False,0.0,0.0
Local,3361164,1534305600000,8109,81718,33658,29732,35568,LinUCB_Disjoint_Multi_Target_2,6,0.1,0.0,1,DAILY,1,False,0.1,False,0.0,0.0
Global,3361164,1534305600000,52730,491462,192316,168602,197460,LinUCB_Disjoint_Multi_Target_2,6,0.1,0.0,1,DAILY,1,False,0.1,False,0.0,0.0
Local,4267029,1534327200000,0,52361,10230,25629,0,LinUCB_Disjoint_Multi_Target_2,6,0.1,0.0,1,DAILY,1,False,0.1,False,0.0,0.0
Global,4267029,1534327200000,43422,462105,168888,164499,124021,LinUCB_Disjoint_Multi_Target_2,6,0.1,0.0,1,DAILY,1,False,0.1,False,0.0,0.0
Local,5314011,1534348800000,0,0,0,0,0,LinUCB_Disjoint_Multi_Target_2,6,0.1,0.0,1,DAILY,1,False,0.1,False,0.0,0.0
Global,5314011,1534348800000,43422,385074,156882,113700,124021,LinUCB_Disjoint_Multi_Target_2,6,0.1,0.0,1,DAILY,1,False,0.1,False,0.0,0.0
Local,5726250,1534363199000,0,0,0,0,0,LinUCB_Disjoint_Multi_Target_2,6,0.1,0.0,1,DAILY,1,False,0.1,False,0.0,0.0
Global,5726250,1534363199000,29541,358690,154678,109380,114377,LinUCB_Disjoint_Multi_Target_2,6,0.1,0.0,1,DAILY,1,False,0.1,False,0.0,0.0
Local,5979990,1534384801000,0,74848,29617,21033,26903,LinUCB_Disjoint_Multi_Target_2,6,0.1,0.0,1,DAILY,1,False,0.1,False,0.0,0.0
Global,5979990,1534384801000,19250,343866,145626,103068,112686,LinUCB_Disjoint_Multi_Target_2,6,0.1,0.0,1,DAILY,1,False,0.1,False,0.0,0.0
Local,6734652,1534406401000,0,25655,9086,4529,8734,LinUCB_Disjoint_Multi_Target_2,6,0.1,0.0,1,DAILY,1,False,0.1,False,0.0,0.0
Global,6734652,1534406401000,19250,294673,125095,86564,94517,LinUCB_Disjoint_Multi_Target_2,6,0.1,0.0,1,DAILY,1,False,0.1,False,0.0,0.0
Local,7863533,1534428001000,0,0,0,0,0,LinUCB_Disjoint_Multi_Target_2,6,0.1,0.0,1,DAILY,1,False,0.1,False,0.0,0.0
Global,7863533,1534428001000,19250,223819,98754,74321,66217,LinUCB_Disjoint_Multi_Target_2,6,0.1,0.0,1,DAILY,1,False,0.1,False,0.0,0.0
Local,8560378,1534449599000,0,0,0,0,0,LinUCB_Disjoint_Multi_Target_2,6,0.1,0.0,1,DAILY,1,False,0.1,False,0.0,0.0
Global,8560378,1534449599000,-40243,198720,90564,65769,60016,LinUCB_Disjoint_Multi_Target_2,6,0.1,0.0,1,DAILY,1,False,0.1,False,0.0,0.0
Local,8811097,1534471200000,0,53733,20381,11456,18095,LinUCB_Disjoint_Multi_Target_2,6,0.1,0.0,1,DAILY,1,False,0.1,False,0.0,0.0
Global,8811097,1534471200000,-40243,186213,80757,55302,58106,LinUCB_Disjoint_Multi_Target_2,6,0.1,0.0,1,DAILY,1,False,0.1,False,0.0,0.0
Local,9572684,1534492800000,0,14806,2276,0,0,LinUCB_Disjoint_Multi_Target_2,6,0.1,0.0,1,DAILY,1,False,0.1,False,0.0,0.0
Global,9572684,1534492800000,-40243,147286,62652,41119,39325,LinUCB_Disjoint_Multi_Target_2,6,0.1,0.0,1,DAILY,1,False,0.1,False,0.0,0.0
Local,10549106,1534514400000,0,0,0,0,0,LinUCB_Disjoint_Multi_Target_2,6,0.1,0.0,1,DAILY,1,False,0.1,False,0.0,0.0
Global,10549106,1534514400000,-40243,54240,17463,41119,39325,LinUCB_Disjoint_Multi_Target_2,6,0.1,0.0,1,DAILY,1,False,0.1,False,0.0,0.0
Local,11220337,1534536000000,0,0,0,0,0,LinUCB_Disjoint_Multi_Target_2,6,0.1,0.0,1,DAILY,1,False,0.1,False,0.0,0.0
Global,11220337,1534536000000,-66423,15487,7823,34480,33191,LinUCB_Disjoint_Multi_Target_2,6,0.1,0.0,1,DAILY,1,False,0.1,False,0.0,0.0
Local,11331020,1534539599000,0,0,0,0,0,LinUCB_Disjoint_Multi_Target_2,6,0.1,0.0,1,DAILY,1,False,0.1,False,0.0,0.0
Global,11331020,1534539599000,-72117,9951,5128,32200,32308,LinUCB_Disjoint_Multi_Target_2,6,0.1,0.0,1,DAILY,1,False,0.1,False,0.0,0.0
Local,11538116,1534561200000,0,0,0,1236,13250,LinUCB_Disjoint_Multi_Target_2,6,0.1,0.0,1,DAILY,1,False,0.1,False,0.0,0.0
Global,11538116,1534561200000,-72117,-4803,1306,17336,29404,LinUCB_Disjoint_Multi_Target_2,6,0.1,0.0,1,DAILY,1,False,0.1,False,0.0,0.0
Local,12131153,1534582800000,0,0,0,0,0,LinUCB_Disjoint_Multi_Target_2,6,0.1,0.0,1,DAILY,1,False,0.1,False,0.0,0.0
Global,12131153,1534582800000,-72117,-4803,1306,2688,-56293,LinUCB_Disjoint_Multi_Target_2,6,0.1,0.0,1,DAILY,1,False,0.1,False,0.0,0.0
Local,12921745,1534604400000,0,0,0,0,0,LinUCB_Disjoint_Multi_Target_2,6,0.1,0.0,1,DAILY,1,False,0.1,False,0.0,0.0
Global,12921745,1534604400000,-116185,-42971,-24339,-372,-62916,LinUCB_Disjoint_Multi_Target_2,6,0.1,0.0,1,DAILY,1,False,0.1,False,0.0,0.0
Local,13594727,1534626000000,0,0,0,0,0,LinUCB_Disjoint_Multi_Target_2,6,0.1,0.0,1,DAILY,1,False,0.1,False,0.0,0.0
Global,13594727,1534626000000,-133948,-79456,-41764,-5932,-83086,LinUCB_Disjoint_Multi_Target_2,6,0.1,0.0,1,DAILY,1,False,0.1,False,0.0,0.0
Local,13646663,1534629599000,0,0,0,0,0,LinUCB_Disjoint_Multi_Target_2,6,0.1,0.0,1,DAILY,1,False,0.1,False,0.0,0.0
Global,13646663,1534629599000,-136039,-81382,-42647,-6466,-84618,LinUCB_Disjoint_Multi_Target_2,6,0.1,0.0,1,DAILY,1,False,0.1,False,0.0,0.0
Local,13812775,1534651200000,0,0,0,0,0,LinUCB_Disjoint_Multi_Target_2,6,0.1,0.0,1,DAILY,1,False,0.1,False,0.0,0.0
Global,13812775,1534651200000,-140562,-85077,-50138,-12829,-86795,LinUCB_Disjoint_Multi_Target_2,6,0.1,0.0,1,DAILY,1,False,0.1,False,0.0,0.0
Local,14433317,1534672800000,0,0,0,0,0,LinUCB_Disjoint_Multi_Target_2,6,0.1,0.0,1,DAILY,1,False,0.1,False,0.0,0.0
Global,14433317,1534672800000,-157325,-115886,-60600,-24774,-97256,LinUCB_Disjoint_Multi_Target_2,6,0.1,0.0,1,DAILY,1,False,0.1,False,0.0,0.0
Local,15170226,1534694400000,0,0,0,0,0,LinUCB_Disjoint_Multi_Target_2,6,0.1,0.0,1,DAILY,1,False,0.1,False,0.0,0.0
Global,15170226,1534694400000,-178533,-137418,-68404,-33866,-148331,LinUCB_Disjoint_Multi_Target_2,6,0.1,0.0,1,DAILY,1,False,0.1,False,0.0,0.0
Local,15782548,1534712399000,0,0,0,0,0,LinUCB_Disjoint_Multi_Target_2,6,0.1,0.0,1,DAILY,1,False,0.1,False,0.0,0.0
Global,15782548,1534712399000,-189129,-160291,-78653,-42946,-175067,LinUCB_Disjoint_Multi_Target_2,6,0.1,0.0,1,DAILY,1,False,0.1,False,0.0,0.0
Local,356003,1534208400000,33062,106299,43529,36270,41877,LinUCB_Disjoint_Multi_Target_2,6,0.1,0.0,1,DAILY,1,False,0.2,False,0.0,0.0
Global,356003,1534208400000,198376,637798,261177,217623,251262,LinUCB_Disjoint_Multi_Target_2,6,0.1,0.0,1,DAILY,1,False,0.2,False,0.0,0.0
Local,919597,1534230000000,21051,73562,27259,28979,32119,LinUCB_Disjoint_Multi_Target_2,6,0.1,0.0,1,DAILY,1,False,0.2,False,0.0,0.0
Global,919597,1534230000000,186365,605061,244907,210332,241504,LinUCB_Disjoint_Multi_Target_2,6,0.1,0.0,1,DAILY,1,False,0.2,False,0.0,0.0
Local,2159970,1534251600000,0,33806,22223,18884,5747,LinUCB_Disjoint_Multi_Target_2,6,0.1,0.0,1,DAILY,1,False,0.2,False,0.0,0.0
Global,2159970,1534251600000,55776,565305,239871,200237,215132,LinUCB_Disjoint_Multi_Target_2,6,0.1,0.0,1,DAILY,1,False,0.2,False,0.0,0.0
Local,2912107,1534273200000,0,0,8489,0,0,LinUCB_Disjoint_Multi_Target_2,6,0.1,0.0,1,DAILY,1,False,0.2,False,0.0,0.0
Global,2912107,1534273200000,55776,512180,226137,173587,202365,LinUCB_Disjoint_Multi_Target_2,6,0.1,0.0,1,DAILY,1,False,0.2,False,0.0,0.0
Local,3176462,1534283997000,0,0,0,0,0,LinUCB_Disjoint_Multi_Target_2,6,0.1,0.0,1,DAILY,1,False,0.2,False,0.0,0.0
Global,3176462,1534283997000,55776,512180,198322,173587,202365,LinUCB_Disjoint_Multi_Target_2,6,0.1,0.0,1,DAILY,1,False,0.2,False,0.0,0.0
Local,3361164,1534305600000,8109,81718,33658,29732,35568,LinUCB_Disjoint_Multi_Target_2,6,0.1,0.0,1,DAILY,1,False,0.2,False,0.0,0.0
Global,3361164,1534305600000,52730,491462,192316,168602,197460,LinUCB_Disjoint_Multi_Target_2,6,0.1,0.0,1,DAILY,1,False,0.2,False,0.0,0.0
Local,4267029,1534327200000,0,52361,10230,25629,0,LinUCB_Disjoint_Multi_Target_2,6,0.1,0.0,1,DAILY,1,False,0.2,False,0.0,0.0
Global,4267029,1534327200000,43422,462105,168888,164499,124021,LinUCB_Disjoint_Multi_Target_2,6,0.1,0.0,1,DAILY,1,False,0.2,False,0.0,0.0
Local,5314011,1534348800000,0,0,0,0,0,LinUCB_Disjoint_Multi_Target_2,6,0.1,0.0,1,DAILY,1,False,0.2,False,0.0,0.0
Global,5314011,1534348800000,43422,385074,156882,113700,124021,LinUCB_Disjoint_Multi_Target_2,6,0.1,0.0,1,DAILY,1,False,0.2,False,0.0,0.0
Local,5726250,1534363199000,0,0,0,0,0,LinUCB_Disjoint_Multi_Target_2,6,0.1,0.0,1,DAILY,1,False,0.2,False,0.0,0.0
Global,5726250,1534363199000,29541,358690,154678,109380,114377,LinUCB_Disjoint_Multi_Target_2,6,0.1,0.0,1,DAILY,1,False,0.2,False,0.0,0.0
Local,5979990,1534384801000,0,74848,29617,21033,26903,LinUCB_Disjoint_Multi_Target_2,6,0.1,0.0,1,DAILY,1,False,0.2,False,0.0,0.0
Global,5979990,1534384801000,19250,343866,145626,103068,112686,LinUCB_Disjoint_Multi_Target_2,6,0.1,0.0,1,DAILY,1,False,0.2,False,0.0,0.0
Local,6734652,1534406401000,0,25655,9086,4529,8734,LinUCB_Disjoint_Multi_Target_2,6,0.1,0.0,1,DAILY,1,False,0.2,False,0.0,0.0
Global,6734652,1534406401000,19250,294673,125095,86564,94517,LinUCB_Disjoint_Multi_Target_2,6,0.1,0.0,1,DAILY,1,False,0.2,False,0.0,0.0
Local,7863533,1534428001000,0,0,0,0,0,LinUCB_Disjoint_Multi_Target_2,6,0.1,0.0,1,DAILY,1,False,0.2,False,0.0,0.0
Global,7863533,1534428001000,19250,223819,98754,74321,66217,LinUCB_Disjoint_Multi_Target_2,6,0.1,0.0,1,DAILY,1,False,0.2,False,0.0,0.0
Local,8560378,1534449599000,0,0,0,0,0,LinUCB_Disjoint_Multi_Target_2,6,0.1,0.0,1,DAILY,1,False,0.2,False,0.0,0.0
Global,8560378,1534449599000,-40243,198720,90564,65769,60016,LinUCB_Disjoint_Multi_Target_2,6,0.1,0.0,1,DAILY,1,False,0.2,False,0.0,0.0
Local,8811097,1534471200000,0,53733,20381,11456,18095,LinUCB_Disjoint_Multi_Target_2,6,0.1,0.0,1,DAILY,1,False,0.2,False,0.0,0.0
Global,8811097,1534471200000,-40243,186213,80757,55302,58106,LinUCB_Disjoint_Multi_Target_2,6,0.1,0.0,1,DAILY,1,False,0.2,False,0.0,0.0
Local,9572684,1534492800000,0,14806,0,0,0,LinUCB_Disjoint_Multi_Target_2,6,0.1,0.0,1,DAILY,1,False,0.2,False,0.0,0.0
Global,9572684,1534492800000,-40243,147286,62652,41119,39325,LinUCB_Disjoint_Multi_Target_2,6,0.1,0.0,1,DAILY,1,False,0.2,False,0.0,0.0
Local,10549106,1534514400000,0,0,0,0,0,LinUCB_Disjoint_Multi_Target_2,6,0.1,0.0,1,DAILY,1,False,0.2,False,0.0,0.0
Global,10549106,1534514400000,-40243,-310155,62652,41119,39325,LinUCB_Disjoint_Multi_Target_2,6,0.1,0.0,1,DAILY,1,False,0.2,False,0.0,0.0
Local,11220337,1534536000000,0,0,0,0,0,LinUCB_Disjoint_Multi_Target_2,6,0.1,0.0,1,DAILY,1,False,0.2,False,0.0,0.0
Global,11220337,1534536000000,-65669,-372637,56536,33129,34647,LinUCB_Disjoint_Multi_Target_2,6,0.1,0.0,1,DAILY,1,False,0.2,False,0.0,0.0
Local,11331020,1534539599000,0,0,0,0,0,LinUCB_Disjoint_Multi_Target_2,6,0.1,0.0,1,DAILY,1,False,0.2,False,0.0,0.0
Global,11331020,1534539599000,-71011,-381253,54840,30630,33756,LinUCB_Disjoint_Multi_Target_2,6,0.1,0.0,1,DAILY,1,False,0.2,False,0.0,0.0
Local,11538116,1534561200000,0,0,11728,3187,12290,LinUCB_Disjoint_Multi_Target_2,6,0.1,0.0,1,DAILY,1,False,0.2,False,0.0,0.0
Global,11538116,1534561200000,-71011,-381253,39148,18502,29168,LinUCB_Disjoint_Multi_Target_2,6,0.1,0.0,1,DAILY,1,False,0.2,False,0.0,0.0
Local,12131153,1534582800000,0,0,0,0,0,LinUCB_Disjoint_Multi_Target_2,6,0.1,0.0,1,DAILY,1,False,0.2,False,0.0,0.0
Global,12131153,1534582800000,-71011,-381253,15207,9931,-3133,LinUCB_Disjoint_Multi_Target_2,6,0.1,0.0,1,DAILY,1,False,0.2,False,0.0,0.0
Local,12921745,1534604400000,0,0,0,0,0,LinUCB_Disjoint_Multi_Target_2,6,0.1,0.0,1,DAILY,1,False,0.2,False,0.0,0.0
Global,12921745,1534604400000,-121728,-432097,5115,4773,-12530,LinUCB_Disjoint_Multi_Target_2,6,0.1,0.0,1,DAILY,1,False,0.2,False,0.0,0.0
Local,13594727,1534626000000,0,0,0,0,0,LinUCB_Disjoint_Multi_Target_2,6,0.1,0.0,1,DAILY,1,False,0.2,False,0.0,0.0
Global,13594727,1534626000000,-140236,-477820,-10559,-1696,-28425,LinUCB_Disjoint_Multi_Target_2,6,0.1,0.0,1,DAILY,1,False,0.2,False,0.0,0.0
Local,13646663,1534629599000,0,0,0,0,0,LinUCB_Disjoint_Multi_Target_2,6,0.1,0.0,1,DAILY,1,False,0.2,False,0.0,0.0
Global,13646663,1534629599000,-142631,-480163,-11522,-2272,-29625,LinUCB_Disjoint_Multi_Target_2,6,0.1,0.0,1,DAILY,1,False,0.2,False,0.0,0.0
Local,13812775,1534651200000,0,0,0,0,0,LinUCB_Disjoint_Multi_Target_2,6,0.1,0.0,1,DAILY,1,False,0.2,False,0.0,0.0
Global,13812775,1534651200000,-146933,-483784,-22926,-8120,-30817,LinUCB_Disjoint_Multi_Target_2,6,0.1,0.0,1,DAILY,1,False,0.2,False,0.0,0.0
Local,14433317,1534672800000,0,0,0,0,0,LinUCB_Disjoint_Multi_Target_2,6,0.1,0.0,1,DAILY,1,False,0.2,False,0.0,0.0
Global,14433317,1534672800000,-161926,-520198,-35083,-21535,-39117,LinUCB_Disjoint_Multi_Target_2,6,0.1,0.0,1,DAILY,1,False,0.2,False,0.0,0.0
Local,15170226,1534694400000,0,0,0,0,0,LinUCB_Disjoint_Multi_Target_2,6,0.1,0.0,1,DAILY,1,False,0.2,False,0.0,0.0
Global,15170226,1534694400000,-182789,-544317,-45259,-29231,-92568,LinUCB_Disjoint_Multi_Target_2,6,0.1,0.0,1,DAILY,1,False,0.2,False,0.0,0.0
Local,15782548,1534712399000,0,0,0,0,0,LinUCB_Disjoint_Multi_Target_2,6,0.1,0.0,1,DAILY,1,False,0.2,False,0.0,0.0
Global,15782548,1534712399000,-192727,-575048,-56263,-35264,-121859,LinUCB_Disjoint_Multi_Target_2,6,0.1,0.0,1,DAILY,1,False,0.2,False,0.0,0.0
Local,356003,1534208400000,2.6210239597363065e-07,3.88128530441069e-08,1.3782932118783158e-07,3.677290682533691e-07,3.848849536108662e-07,LinUCB_Disjoint_Multi_Target_2,6,0.1,0.0,1,DAILY,1,True,0.0,True,0.0,0.0
Global,356003,1534208400000,198376,637798,261177,217623,251262,LinUCB_Disjoint_Multi_Target_2,6,0.1,0.0,1,DAILY,1,True,0.0,True,0.0,0.0
Local,919597,1534230000000,0.0,0.0,0.0,0.0,0.0,LinUCB_Disjoint_Multi_Target_2,6,0.1,0.0,1,DAILY,1,True,0.0,True,0.0,0.0
Global,919597,1534230000000,185470,613226,245585,209820,241718,LinUCB_Disjoint_Multi_Target_2,6,0.1,0.0,1,DAILY,1,True,0.0,True,0.0,0.0
Local,2159970,1534251600000,0.0,0.0,0.0,0.0,0.0,LinUCB_Disjoint_Multi_Target_2,6,0.1,0.0,1,DAILY,1,True,0.0,True,0.0,0.0
Global,2159970,1534251600000,45387,579194,240207,200895,218105,LinUCB_Disjoint_Multi_Target_2,6,0.1,0.0,1,DAILY,1,True,0.0,True,0.0,0.0
Local,2912107,1534273200000,0.0,0.0,0.0,0.0,0.0,LinUCB_Disjoint_Multi_Target_2,6,0.1,0.0,1,DAILY,1,True,0.0,True,0.0,0.0
Global,2912107,1534273200000,33140,541955,232404,184134,197263,LinUCB_Disjoint_Multi_Target_2,6,0.1,0.0,1,DAILY,1,True,0.0,True,0.0,0.0
Local,3176462,1534283997000,0.0,0.0,0.0,0.0,0.0,LinUCB_Disjoint_Multi_Target_2,6,0.1,0.0,1,DAILY,1,True,0.0,True,0.0,0.0
Global,3176462,1534283997000,19659,528126,229284,180811,192249,LinUCB_Disjoint_Multi_Target_2,6,0.1,0.0,1,DAILY,1,True,0.0,True,0.0,0.0
Local,3361164,1534305600000,0.0,0.0,0.0,0.0,0.0,LinUCB_Disjoint_Multi_Target_2,6,0.1,0.0,1,DAILY,1,True,0.0,True,0.0,0.0
Global,3361164,1534305600000,19579,513717,224549,174108,185545,LinUCB_Disjoint_Multi_Target_2,6,0.1,0.0,1,DAILY,1,True,0.0,True,0.0,0.0
Local,4267029,1534327200000,0.0,0.0,0.0,0.0,0.0,LinUCB_Disjoint_Multi_Target_2,6,0.1,0.0,1,DAILY,1,True,0.0,True,0.0,0.0
Global,4267029,1534327200000,-13869,485873,209110,164344,161387,LinUCB_Disjoint_Multi_Target_2,6,0.1,0.0,1,DAILY,1,True,0.0,True,0.0,0.0
Local,5314011,1534348800000,0.0,0.0,0.0,0.0,0.0,LinUCB_Disjoint_Multi_Target_2,6,0.1,0.0,1,DAILY,1,True,0.0,True,0.0,0.0
Global,5314011,1534348800000,-28779,441061,196160,141178,138401,LinUCB_Disjoint_Multi_Target_2,6,0.1,0.0,1,DAILY,1,True,0.0,True,0.0,0.0
Local,5726250,1534363199000,0.0,0.0,0.0,0.0,0.0,LinUCB_Disjoint_Multi_Target_2,6,0.1,0.0,1,DAILY,1,True,0.0,True,0.0,0.0
Global,5726250,1534363199000,-35101,415611,191308,131259,128728,LinUCB_Disjoint_Multi_Target_2,6,0.1,0.0,1,DAILY,1,True,0.0,True,0.0,0.0
Local,5979990,1534384801000,0.0,0.0,0.0,0.0,0.0,LinUCB_Disjoint_Multi_Target_2,6,0.1,0.0,1,DAILY,1,True,0.0,True,0.0,0.0
Global,5979990,1534384801000,-35127,397776,177605,124347,125598,LinUCB_Disjoint_Multi_Target_2,6,0.1,0.0,1,DAILY,1,True,0.0,True,0.0,0.0
Local,6734652,1534406401000,0.0,0.0,0.0,0.0,0.0,LinUCB_Disjoint_Multi_Target_2,6,0.1,0.0,1,DAILY,1,True,0.0,True,0.0,0.0
Global,6734652,1534406401000,-75958,357695,159900,112077,118891,LinUCB_Disjoint_Multi_Target_2,6,0.1,0.0,1,DAILY,1,True,0.0,True,0.0,0.0
Local,7863533,1534428001000,0.0,0.0,0.0,0.0,0.0,LinUCB_Disjoint_Multi_Target_2,6,0.1,0.0,1,DAILY,1,True,0.0,True,0.0,0.0
Global,7863533,1534428001000,-106538,298553,138119,99234,100522,LinUCB_Disjoint_Multi_Target_2,6,0.1,0.0,1,DAILY,1,True,0.0,True,0.0,0.0
Local,8560378,1534449599000,0.0,0.0,0.0,0.0,0.0,LinUCB_Disjoint_Multi_Target_2,6,0.1,0.0,1,DAILY,1,True,0.0,True,0.0,0.0
Global,8560378,1534449599000,-124187,265160,122657,86475,87291,LinUCB_Disjoint_Multi_Target_2,6,0.1,0.0,1,DAILY,1,True,0.0,True,0.0,0.0
Local,8811097,1534471200000,0.0,0.0,0.0,0.0,0.0,LinUCB_Disjoint_Multi_Target_2,6,0.1,0.0,1,DAILY,1,True,0.0,True,0.0,0.0
Global,8811097,1534471200000,-124187,254066,112443,77273,84298,LinUCB_Disjoint_Multi_Target_2,6,0.1,0.0,1,DAILY,1,True,0.0,True,0.0,0.0
Local,9572684,1534492800000,0.0,0.0,0.0,0.0,0.0,LinUCB_Disjoint_Multi_Target_2,6,0.1,0.0,1,DAILY,1,True,0.0,True,0.0,0.0
Global,9572684,1534492800000,-144972,223290,93746,69613,71757,LinUCB_Disjoint_Multi_Target_2,6,0.1,0.0,1,DAILY,1,True,0.0,True,0.0,0.0
Local,10549106,1534514400000,0.0,0.0,0.0,0.0,0.0,LinUCB_Disjoint_Multi_Target_2,6,0.1,0.0,1,DAILY,1,True,0.0,True,0.0,0.0
Global,10549106,1534514400000,-161204,187542,78932,44663,56052,LinUCB_Disjoint_Multi_Target_2,6,0.1,0.0,1,DAILY,1,True,0.0,True,0.0,0.0
Local,11220337,1534536000000,0.0,0.0,0.0,0.0,0.0,LinUCB_Disjoint_Multi_Target_2,6,0.1,0.0,1,DAILY,1,True,0.0,True,0.0,0.0
Global,11220337,1534536000000,-172913,149957,66250,33454,45885,LinUCB_Disjoint_Multi_Target_2,6,0.1,0.0,1,DAILY,1,True,0.0,True,0.0,0.0
Local,11331020,1534539599000,0.0,0.0,0.0,0.0,0.0,LinUCB_Disjoint_Multi_Target_2,6,0.1,0.0,1,DAILY,1,True,0.0,True,0.0,0.0
Global,11331020,1534539599000,-176035,144673,63266,30364,44316,LinUCB_Disjoint_Multi_Target_2,6,0.1,0.0,1,DAILY,1,True,0.0,True,0.0,0.0
Local,11538116,1534561200000,0.0,0.0,0.0,0.0,0.0,LinUCB_Disjoint_Multi_Target_2,6,0.1,0.0,1,DAILY,1,True,0.0,True,0.0,0.0
Global,11538116,1534561200000,-176109,126342,54901,24962,36373,LinUCB_Disjoint_Multi_Target_2,6,0.1,0.0,1,DAILY,1,True,0.0,True,0.0,0.0
Local,12131153,1534582800000,0.0,0.0,0.0,0.0,0.0,LinUCB_Disjoint_Multi_Target_2,6,0.1,0.0,1,DAILY,1,True,0.0,True,0.0,0.0
Global,12131153,1534582800000,-209846,101566,43286,21005,28575,LinUCB_Disjoint_Multi_Target_2,6,0.1,0.0,1,DAILY,1,True,0.0,True,0.0,0.0
Local,12921745,1534604400000,0.0,0.0,0.0,0.0,0.0,LinUCB_Disjoint_Multi_Target_2,6,0.1,0.0,1,DAILY,1,True,0.0,True,0.0,0.0
Global,12921745,1534604400000,-242728,67988,16416,15575,12001,LinUCB_Disjoint_Multi_Target_2,6,0.1,0.0,1,DAILY,1,True,0.0,True,0.0,0.0
Local,13594727,1534626000000,0.0,0.0,0.0,0.0,0.0,LinUCB_Disjoint_Multi_Target_2,6,0.1,0.0,1,DAILY,1,True,0.0,True,0.0,0.0
Global,13594727,1534626000000,-259579,41092,-1687,7577,-6454,LinUCB_Disjoint_Multi_Target_2,6,0.1,0.0,1,DAILY,1,True,0.0,True,0.0,0.0
Local,13646663,1534629599000,0.0,0.0,0.0,0.0,0.0,LinUCB_Disjoint_Multi_Target_2,6,0.1,0.0,1,DAILY,1,True,0.0,True,0.0,0.0
Global,13646663,1534629599000,-261611,39406,-2899,6673,-7506,LinUCB_Disjoint_Multi_Target_2,6,0.1,0.0,1,DAILY,1,True,0.0,True,0.0,0.0
Local,13812775,1534651200000,0.0,0.0,0.0,0.0,0.0,LinUCB_Disjoint_Multi_Target_2,6,0.1,0.0,1,DAILY,1,True,0.0,True,0.0,0.0
Global,13812775,1534651200000,-262612,35322,-3666,-8243,-7540,LinUCB_Disjoint_Multi_Target_2,6,0.1,0.0,1,DAILY,1,True,0.0,True,0.0,0.0
Local,14433317,1534672800000,0.0,0.0,0.0,0.0,0.0,LinUCB_Disjoint_Multi_Target_2,6,0.1,0.0,1,DAILY,1,True,0.0,True,0.0,0.0
Global,14433317,1534672800000,-274304,18413,-27326,-18100,-26379,LinUCB_Disjoint_Multi_Target_2,6,0.1,0.0,1,DAILY,1,True,0.0,True,0.0,0.0
Local,15170226,1534694400000,0.0,0.0,0.0,0.0,0.0,LinUCB_Disjoint_Multi_Target_2,6,0.1,0.0,1,DAILY,1,True,0.0,True,0.0,0.0
Global,15170226,1534694400000,-290031,-384,-39584,-29008,-67350,LinUCB_Disjoint_Multi_Target_2,6,0.1,0.0,1,DAILY,1,True,0.0,True,0.0,0.0
Local,15782548,1534712399000,0.0,0.0,0.0,0.0,0.0,LinUCB_Disjoint_Multi_Target_2,6,0.1,0.0,1,DAILY,1,True,0.0,True,0.0,0.0
Global,15782548,1534712399000,-298668,-17381,-50359,-39550,-96857,LinUCB_Disjoint_Multi_Target_2,6,0.1,0.0,1,DAILY,1,True,0.0,True,0.0,0.0
